Words,Frequency
bitcoin,320
cryptocurrency,227
new,143
blockchain,135
us,130
market,114
charsthe,101
crypto,88
exchange,84
digital,84
price,82
technology,82
world,77
data,77
trading,74
cryptocurrencies,72
one,71
oct,58
year,56
around,56
today,56
financial,55
investors,54
first,54
company,53
security,53
week,49
time,49
said,48
prnewswire,48
announced,47
global,47
markets,47
october,46
million,45
major,43
dollar,43
according,42
many,41
currency,41
could,40
last,40
charsa,39
investment,39
release,39
industry,38
platform,38
people,38
support,38
years,37
may,37
press,37
pair,36
news,35
two,35
asset,35
malware,34
money,34
game,34
services,33
recently,33
ethereum,32
responsible,32
firm,31
recent,31
september,31
value,31
companies,31
popular,31
facebook,31
chart,31
since,30
billion,30
like,29
get,29
share,29
trend,29
ccn,29
thursday,29
key,29
wallet,28
use,28
resistance,28
percent,27
part,27
back,27
even,27
network,27
cash,27
monday,27
prices,26
bank,26
york,26
online,26
make,26
coin,26
intelligence,26
ceo,26
largest,25
also,25
